{"images/1.jpg":["images/1.jpg","images/2.0x/1.jpg","images/3.0x/1.jpg"],"images/1.png":["images/1.png","images/2.0x/1.png","images/3.0x/1.png"],"images/2.0x/1.jpg":["images/2.0x/1.jpg"],"images/2.0x/1.png":["images/2.0x/1.png"],"images/2.0x/assistant.png":["images/2.0x/assistant.png"],"images/2.0x/user.png":["images/2.0x/user.png"],"images/3.0x/1.jpg":["images/3.0x/1.jpg"],"images/3.0x/1.png":["images/3.0x/1.png"],"images/3.0x/assistant.png":["images/3.0x/assistant.png"],"images/3.0x/user.png":["images/3.0x/user.png"],"images/assistant.png":["images/assistant.png","images/2.0x/assistant.png","images/3.0x/assistant.png"],"images/user.png":["images/2.0x/user.png","images/3.0x/user.png"],"packages/cupertino_icons/assets/CupertinoIcons.ttf":["packages/cupertino_icons/assets/CupertinoIcons.ttf"],"packages/flutter_inappwebview/assets/t_rex_runner/t-rex.css":["packages/flutter_inappwebview/assets/t_rex_runner/t-rex.css"],"packages/flutter_inappwebview/assets/t_rex_runner/t-rex.html":["packages/flutter_inappwebview/assets/t_rex_runner/t-rex.html"]}